,Amount raised,Campaign end date,Campaign target,Category,Notes,Platform,Project,Rank,References
0,"$4,000,000,000+[1]","June 1, 2018",-,Blockchain,EOS is a blockchain operating system designed to support commercial decentralized applications.,Ethereum,EOS,1,
1,"$257,000,000[4]","September 7, 2017[2][3]",-,Blockchain,Filecoin is a decentralized data storage application.,Ethereum,Filecoin,2,
2,"$232,000,000[5]","July 14, 2017",-,Blockchain,Tezos is a self-governing blockchain.,Independent,Tezos,3,
3,"$204,000,000+[6]",Ongoing,$2M,Video game,"Space combat video game being developed by Chris Roberts, designer of Wing Commander. By April 19, 2013, a combined $9,061,882 had been raised on Kickstarter and Roberts' own website.[7] By March 2014, it had raised more than $40,680,576 through Roberts' own website and was listed as a Guinness World Record.[8] As of  November 27, 2018, Roberts' own website lists the funds raised as $204+ million.[9] Most of this total comes from pre-purchased in-game items which are sold on Roberts' website.[10]","Kickstarter, Independent",Star Citizen,4,
4,"$158,000,000[11]","December, 2017",-,Mobile,"A blockchain phone that makes it easier to use digital currency. Expected to sell for over $1000 with 25,000 units pre-ordered.[12]","Ethereum, Bitcoin",Sirin Labs (SRN),5,
5,"$153,000,000[13]","June 12, 2017",$100M,Blockchain,"The Bancor protocol is a smart contracts platform built on top of the Ethereum blockchain. Its goal is to solve a problem known in economics as the ""Double Coincidence of Wants Problem""[14] and offer a liquidity mechanism for tokens.",Ethereum,Bancor protocol,6,
6,"$150,000,000[16]","May 28, 2016[15]",$500K,Blockchain,"A publicly created and crowdfunded Decentralized Autonomous Organization, built on the Ethereum blockchain, that stored and transmitted Ether and Ethereum-based assets. Funds were held programatically by design in the cryptocurrency known as Ether, the actual USD amount raised varied in line with the Ether|USD exchange rate at any given moment. Final raised amount was ETH 11.5 million.[16] The amount listed is the conversion value of the raised Ethereum at the campaign end date.",Ethereum,The DAO,7,
7,"$144,300,000[18]","October 27, 2017[17]",-,Blockchain,"Polkadot is a heterogeneous multichain which posits a trustless fully decentralised ""federation"" of public and private blockchains with trust-free access to each other.",Ethereum,Polkadot,8,
8,"$103,000,000[19]","June 21, 2017",$12M,Blockchain,,Ethereum,Status,9,
9,"$102,000,000[citation needed]",Ongoing,-,Other,"Elio Motors is designing a three-wheel vehicle that the company says will get up to 84 MPG.[20] In October 2016, the company said it had received over 60,000 reservations. Their goal is to reach 65,000 reservations, and until they reach their goal, early adopters are able to reserve one of the vehicles for a locked price of $7,300[21][22] ($7,000 by completing the binding purchase agreement). After surpassing that milestone, the targeted base price for anyone that hasn't locked in is now $7,450.",Independent,Elio Motors,10,
10,"$80,000,000 (245,832 ETH)[23]","June 24, 2017",$80M,Blockchain,"TenX mission is to make any blockchain asset spendable anytime and anywhere. They offer a debit card system as one of their frontend solutions to customers and combine that with an open-source backend called COMIT that allows TenX to connect any blockchain through hashed timelock contracts (HTLCs). TenX raised 100,000 ETH in a pre-sale and another 145,000 ETH equivalent during their token sale on June 24, 2017.[24]",Ethereum,TenX,11,
11,"$70,600,000[25]","December 26, 2017",$50M,Blockchain,BANKEX is a blockchain-based distributed financial technology platform.[26] It allows people and enterprises to create and trade their digital assets represented as smart asset tokens on a blockchain.[27] BANKEX has raised $70.6 million during its token sale becoming 13th largest token sale of all time.[28][29],Ethereum,BANKEX,12,
12,"$70,000,000[30][31]","Sep 2, 2017",$70m,Blockchain,"TRON is a blockchain project that supports the global digital entertainment system. As an open-source project, it supports various types of smart contracts and contract systems such as Bitcoin, Ethereum and EOS.",Ethereum,TRON,13,
13,"$62,500,000.00","Jun 9, 2017",-,Blockchain,"æternity is a new type of open-source, public, Blockchain-based distributed computing platform that innovates and expands upon existing platforms such as Bitcoin, Ethereum. Real-world data can interface with smart contracts through decentralized oracles. True scalability and trust-less Turing-complete state channels sets æternity apart from all other Blockchain 2.0 projects. Contribution was divided into two phases and closed by 9 June 2017. Total amount raised in Phase 1 + Phase 2 is over $62.5 million (at ETH and BTC valuation on 9 June 2017).[citation needed]",Ethereum,æternity,14,
14,"$53,069,235[32]","May 24, 2017",-,Blockchain,"MobileGo tokens will be used to gamify the mobile platform, and to incentivize gamers for loyalty and participation through rewards. MobileGo tokens will also allow for smart contract technology. MobileGo tokens will allow for the development of a decentralized virtual mobile gamer marketplace, the ability for gamer vs. gamer decentralized match play, and decentralized tournaments run on smart contracts.","Ethereum, Waves platform",MobileGo,15,
15,"$35,000,000[33][34]","May 31, 2017",-,Blockchain,Basic Attention Token is a token on the Brave Browser. BAT allows marketers to sell and publishers to buy ads without exposing users to constant tracking. Targeting is handled by the browser. The user gets paid a small amount for viewing ads. The initial coin offering sold out in under 30 seconds.[1],Ethereum,Basic Attention Token,16,
16,"$31,645,088 (₿12,379.689)= 3,650,521 PLBT","July 5, 2017[35][36]",$25M for bank with Digital Pass.(Ladderized target with flexible plan.),Blockchain Bank,Project: Polybius Bank is a project aimed to create the world's first fully digital bank that is EU-regulated[37] and crowdfunded by its own users through tokens ($PLBT).[38],"Bitcoin, Ethereum",Polybius,17,
17,"$30,000,000 (71,850 ETH)[39]","November 22, 2017",$30M,"Blockchain, Ecommerce","CyberMiles is an in-development blockchain protocol specifically designed and optimized for e-commerce. Expected to be released by mid-2018, CyberMiles aims to democratize e-commerce and empower the decentralization of the online marketplace.[40]","Ethereum, Independent",CyberMiles,18,
18,"30,000,000[42]","Apr 30, 2018 [41]",$30m[42],"Blockchain, Healthcare","Solve. Care is a blockchain solution for more efficient coordination, administration and payments in the healthcare industry. Patients will be able to make reservations and share relevant data. Using a hybrid blockchain solution data is verified by the immutability of the blockchain without ever exposing private information.",Ethereum,Solve.Care,19,
19,"$27,907,995[43]","Oct 24, 2015","$100,000",3D Laser Printer,"Glowforge uses a beam of light the width of a human hair to cut, engrave, and shape designs from a variety of materials. Called a ""3D laser printer"" by the makers, it actuality it is a laser cutter","WordPress, Independent",Glowforge,20,
20,"$25,547,000","November 29, 2017",-,Blockchain,"In the current $550B ads market, too much money goes to the hidden ad network with too little added value for businesses and customers. BitClave is using blockchain to eliminate ad service “middlemen” and create a direct connection between businesses and customers. With BitClave, businesses have a direct relationship with customers and can offer a uniquely targeted promotion. With BitClave, an open search marketplace keeps prices fair, and elimination of intermediates brings all value to customers and businesses. On the BitClave Active Search Ecosystem (BASE), customers control their identity, decide who has access to their data, and are “paid” in BitClave's tokens each time businesses “use” their data to make them offers. In turn, customer can pay business for their products or services using BitClave’s token.",Ethereum,BitClave,21,
21,"$25,000,000[44]","May 17, 2017",-,Blockchain,"Aragon is a management platform for decentralized organizations. Aragon implements organizational features such as governance, fundraising, payroll and accounting. Aragon launched a token sale for the Aragon Network, the world's first decentralized jurisdiction. The Aragon Network will provide organizations subscribed to it with services such as a decentralized arbitration system or a code upgradeability mechanism. The token sale closed in about 15 minutes, peaking at a rate of $122,000 per second.[citation needed]",Ethereum,Aragon,22,
22,"$20,338,986[45]","Mar 27, 2015",$500K,Smartwatch,The Pebble Time is the second generation version of the smartwatch called the Pebble. The Pebble itself was one of the highest backed projects on Kickstarter.,Kickstarter,Pebble Time,23,
23,"$19,000,000[46]","Oct 6, 2015",-,Video game,"Prison construction and management simulation game by Introversion Software. It was made available as a paid alpha pre-order on September 25, 2012 and was one of the initial games in Valve's Steam Early Access program when it was launched.","Independent, Steam Early Access",Prison Architect,24,
24,"$18,371,025[48]",,$1.0B[47],Community,Construction of the Border barrier at the Mexico–United States border. The idea originated and gained popularity from the political platform of the Donald Trump 2016 presidential campaign.[49] The project has raised over $9 million dollars in only 3 days since its launch.,GoFundMe,We The People Will Fund The Wall,25,
25,"$18,300,000[50]","Sep 2, 2014",-,Blockchain,"Ethereum is a public blockchain-based distributed computing platform, featuring smart contract functionality and a cryptocurrency, Ether.",Independent,Ethereum,26,
26,"$17,000,000 = 34,000,000 AUD[51][52]","October 6, 2017",-,Blockchain,POWR token sale is Australia's first initial coin offering.[53] The company raised half of the total funds in three days during its pre-sale.[54],Ethereum,Power Ledger,27,
27,"$16,800,000[56]","Apr 6, 2017",$10m[55],Blockchain,Cosmos aims to create a network of ledgers to solve long-standing problems in the cryptocurrency and blockchain communities. One of the most prominent use cases is decentralized exchangeing from one currency to another. Currently this is largely done on centralized exchanges,"Bitcoin, Ethereum",Cosmos,28,
28,"$16,516,286[57][58]","May 3, 2017",-,Blockchain,TokenCard is a depositless Ethereum-based mobile banking platform that aims to integrate the Ethereum Economy into the daily life of consumers globally.,Ethereum,TokenCard,29,
29,"$16,436,095[60]","May 31, 2016[59]",-,Blockchain,"Waves (stylised WAVES) is a non-permissioned, non-privatized blockchain that intends to deal with banks national currencies. It raised 2 million in 24 hours[59] and has a partnership with the Mycelium wallet.[61] It raised 29,636 bitcoins.[citation needed]",Independent,Waves platform,30,
30,"$15,664,829.30[62]","March 21, 2017.",-,Blockchain,"Qtum [pronounced Quantum] is a hybrid blockchain platform that runs the EVM on bitcoins core allowing smart contracts to exist in a mobile environment. Qtum Raised $15,664,829.30 in a crowd sale campaign[63] that sold out in 5 days. The campaign started March 16, 2017 and ended in 117 hours when it was sold out March 21, 2017.",hybrid blockchain platform,Qtum,31,
31,"$14,700,000","June 7, 2017",56565 ETH ($~14.8M),Blockchain,"A distributed VC ecosystem. Cofound.it is a distributed global platform that connects exceptional startups, experts and investors worldwide. It will first be built by the blockchain community for the blockchain community — and then for the whole world.[citation needed]",Ethereum,Cofound.it,32,
32,"$13,285,226[64]","Aug 29, 2014",$50K,Computing hardware,"Portable 60 quart cooler designed by Ryan Grepper that contains a battery powered rechargeable blender, waterproof Bluetooth speaker, USB charger, cutting board, plates, among other features.[65]",Kickstarter,Coolest Cooler,33,
33,"$13,289,097[66]","Apr 19, 2015",$70K,Food,"Flow Hive is a new type of domesticated bee hive box with a valve, where the beekeeper can extract honey from the hive without disturbing the bees.",Indiegogo,Flow Hive,34,
34,"$12,814,196[67]","Aug 21, 2013",$32M,Computing hardware,"The Ubuntu Edge was a proposed ""high concept"" smartphone announced by Canonical Ltd. on 22 July 2013.",Indiegogo,Ubuntu Edge,35,
35,"$12,658,636",Ongoing,$1M,Video game,"Richard Garriott returns to the fantasy RPG genre.[68] Of the total amount, $1,919,275 was raised on Kickstarter.[69]","Kickstarter, Independent, Steam Early Access",Shroud of the Avatar: Forsaken Virtues,36,
36,"$12,500,000[70]","Apr 24, 2017",$12.5M,Other,,Ethereum,Gnosis,37,
37,"$12,393,139[71]","January 7, 2017",-,Board game,"A massive cooperative board game about survival in a nightmare-horror world. Original Kickstarter campaign that raised $2,049,721 was surpassed in 2 hours.[72]",Kickstarter,Kingdom Death: Monster 1.5,38,
38,"$12,158,963","April 19, 2017","10,000 BTC",Other,,Ethereum,iEx.ec,39,
39,"$10,682,516.42","Sep 29, 2016",2000 BTC ($~1.2M),Other,ICONOMI Digital Assets Management platform enables simple access to a variety of digital assets and combined Digital Asset Arrays.[citation needed],Ethereum,ICONOMI Digital Assets Management platform,40,
40,"$10,271,965[citation needed]",Ongoing,$20K,Other,"The campaign was launched on July 7, 2015.[73] By August 2015, BauBax had raised $3.7 million and was the most funded clothing project in Kickstarter history.[74] By September 11, 2015, it had raised $9.7 million.[75] The Travel Jacket comes with 15 unique features including a built-in Neck Pillow, Eye Mask, Gloves, Earphone Holders, Drink Pocket and Tech Pockets of all sizes. Available in four styles: hoodie/sweatshirt, fleece lined bomber, wrinkle free blazer with removable hoodie, and a windbreaker.","Kickstarter, Indiegogo",BauBax,41,
41,"$10,266,845[76]","May 18, 2012",$100K,Smartwatch,E-Paper smartwatch. Third highest funded project on Kickstarter.[citation needed] Shipping to backers began on 23 Jan 2013.,Kickstarter,Pebble,42,
0,"$8,782,571[78]","Feb 19, 2015",$10K[77],Board game,"Card game featuring exploding kittens, designed by Elan Lee, Matthew Inman, and Shane Small.[79] The project hit its primary goal in only 8 minutes, exceeded $100,000 (10x its goal) in less than one hour, $1,000,000 (100x its goal) in less than 8 hours, and $2,000,000 (200x its goal) in just over 24 hours.  By January 28, 2015, it passed 107,000 backers, making it the most backed Kickstarter to date.[79]",Kickstarter,Exploding Kittens,43,
1,"$8,600,000[80]","Nov 11, 2016",$8.6M,Blockchain,"Distributed, open sourced, supercomputer built on the Ethereum network. Made up of a global sharing economy network of computers that 'rent' out their computing power. Project hit its goal in 29 minutes.","Ethereum, Independent",Golem,44,
2,"$8,596,474[81]","Aug 9, 2012",$950K,Video game,Android-based video game console.  Industrial design by Yves Béhar.  Highest funded video game project entirely funded on Kickstarter.  Development units began shipping in March 2013.  Officially released in June 2013.,Kickstarter,Ouya,45,
3,"$8,148,450[82]","Mar 27, 2015",$2M,Other,Real estate,Companisto,Gut Weißenhaus,46,
4,"$7,063,329[83]","Sep 1, 2018",$2M,Video game,"$6,333,295 was raised on Kickstarter, making Shenmue III the highest-funded video game project in Kickstarter history.","Kickstarter, Independent",Shenmue III,47,
5,"$6,267,767.32[84][85]","Sep 26, 2016","$5,500,000",Software,"FirstBlood is the first decentralized app, built on top of Ethereum, that allows eSports enthusiasts to compete in their favorite games through a decentralized, automated platform. The FirstBlood Token (""1SŦ""), sold during its crowdsale, is a utility token that can be used on FirstBlood's decentralized software. The campaign raised over $5 million in less than five minutes.[86]",Ethereum,FirstBlood Crowdsale,48,
6,"$6,225,354[87]","Apr 15, 2014",$800K,Computing hardware,Digital music player using the FLAC audio file format under development by musician Neil Young and his company Pono Music.,Kickstarter,Pono Music,49,
7,"$6,132,554[citation needed]","Jul 4, 2014",$6M,Other,"Super PAC founded by Lawrence Lessig with the purpose of pushing for a United States Congress dedicated to reforming campaign finance laws by 2016. The crowdfunding round took place in two cycles. The first $1M goal was started on May 1, and was reached on May 13,[88] and the second, $5M goal was started on June 4 and was reached on July 4, at 9:30 pm EST - 9 hours short of the deadline of 6 am, July 5, EST (or midnight in Hawaii.)[89] After the crowdfunding deadline, Mayday PAC raised an additional $4M from large donors. As of May 22, 2016, Mayday PAC is the largest crowdfunding campaign for non-profit purposes.[citation needed]",Independent,Mayday PAC,50,
8,"$6,100,000[90]","Feb 28, 2019",$6m,"Blockchain, Wearables",Community-driven augmented reality project. Has since launched an eshop for advanced eyewear. Developing blockchain apps for augmented reality.,Ethereum,Lucyd,51,
9,"$6,038,945[91]","Oct 19, 2016[91]",$15K[91],Other,A desk toy designed to help users focus.[92],Kickstarter,Fidget Cube,52,
10,"$5,702,153[93]","Apr 13, 2013",$2M,Movie,Feature-length film continuation of the Veronica Mars television series.,Kickstarter,Veronica Mars,53,
11,"$5,700,000[94]","Mar 21, 2016",-,Software,"Lisk is a crypto-currency and decentralized application platform. As a crypto-currency it provides a decentralized payment system and digital money network. The Lisk decentralized application platform allows the deployment, distribution and monetisation of decentralized applications and custom blockchains (sidechains) onto the Lisk blockchain.","Bitcoin, Independent",Lisk,54,
12,"$5,545,991[95]","Jun 12, 2015","$500,000",Video game,"Metroidvania video game, by former Castlevania producer Koji Igarashi. Succeeded Torment: Tides of Numenera as the highest funded Kickstarter video game, was succeeded by Shenmue III in July 2015.[95]",Kickstarter,Bloodstained: Ritual of the Night,55,
13,"$5,500,000[third-party source needed]","Mar 30, 2016",$500K,Blockchain,DigixDAO crowdsale offered DGD tokens where each DGD token entitles you to an apportioned return on DGX (first gold standard token on the Ethereum platform) transactional volume in the form of DGX tokens. The DGD token holder also gets a pledging say on the projects built around the DGX transactional system and there's a majority rule applied to release funds for business expenses paid to peripherals. The sale concluded in a mere 12 hours as the maximum was reached.,Ethereum,DigixDAO Crowdsale,56,
14,"$5,489,376[citation needed]",Ongoing,$70K,Software,Website builder that uses Artificial intelligence algorithms to design and build websites based on content.[96],Independent,The Grid,57,
15,"$5,408,916[97]","Jul 2, 2014",$1M,Movie,"Make the iPad version of Reading Rainbow available on the web, other mobile devices, game consoles, and set-top boxes. In addition, create a classroom version and provide subscriptions for up to 7,500 disadvantaged classrooms for free.",Kickstarter,"Project Bring Back Reading Rainbow for Every Child, Everywhere",58,
16,"$5,302,338",Ongoing,$900k,Video Game,"Epic Story MMORPG survival game with aging and perma-death.  Fully destructible, evolving world with non-repeatable quests.","Kickstarter, Independent",Chronicles of Elyria,59,[98]
17,"$5,133,000[third-party source needed]","October 1, 2015",none,Blockchain,"An open-source, decentralized prediction market built using Blockchain technology. The project seeks to leverage the Wisdom of Crowds (also known as ""collective intelligence"") — and the open, global, peer-to-peer, distributed ledger functionality that blockchain technology provides — to generate better forecasts about any future event involving any major topic of widespread interest.","Ethereum, Independent",Augur,60,
18,"$5,048,213[99]","May 22, 2015",$8M[99],Other,"Restore Martin Luther King Jr. International Chapel, the only religious building named after Dr. King located at Morehouse College.",Indiegogo,Restore King Chapel Now. Every Day & Dollar Counts,61,
19,"$5,024,281[100]","Dec 15, 2014[100]",$5M,Other,Every student in every school should have the opportunity to learn computer science at Code.org.[citation needed],Indiegogo,An Hour of Code for Every Student,62,
20,"$5,000,000[101]","Sep 1, 2013",-,Software,Mastercoin is a digital currency and communications protocol built on the Bitcoin block chain. It is one of several efforts to enable complex financial functions in a cryptocurrency.,"Bitcoin, Independent",Mastercoin,63,
0,"€4,809,548[102]",29 Dec 2016,$20k[102],Watch,"Mechanical watch. Became the most crowdfunded timepiece in history with the first campaign raising 926'960 EUR. The second Kickstarter campaign beat the record again, raising 4,809,548 EUR.","Kickstarter, Independent",Filippo Loreti,64,[103][104]
1,"$4,782,227[105]",13 May 2016,$4.5M[105],Video game,"Fantasy role-playing video game. Succeeded Project Eternity as the highest funded Kickstarter video game. It raised $4,188,927 on Kickstarter. Including private backers, the project's developers said they had enough to reach their goal of $4.5M. InXile's second Kickstarter project, after Wasteland 2 in April 2012.","Kickstarter, Independent",Torment: Tides of Numenera,65,[106][107][105]
2,"$4,701,421",18 Oct. 2016,,Blockchain,"Decentralized computation and hosting platform, allowing Web-Application to exist without centralized servers. Synereo raised over $4.7M, selling AMPs, the organization's native cryptocurrency, as well as shares of Synereo LTD.","BnktotheFuture, independent",Synereo,66,[108][109]
3,"$4,573,569[110]","Dec 12, 2015","$125,000",Other,"Carry-on smart luggage with a built-in tablet stand, charging station, two USB ports, a 23,000 mAh battery pack, a location tracker and a wireless proximity tracker. In the first day of the funding campaign, G-RO raised $360,000 in pledges, nearly three times its initial $125,000 goal.","Indiegogo, Kickstarter",G-RO,67,[111]
4,"$4,500,000","Sep, 2016",,Blockchain,The Chinese Ethereum as it is commonly known. It functions as a decentralized smart contract system. Was also backed by big names like Microsoft and Alibab[112],Ethereum,Neo,68,
5,"$4,445,180","Apr 25, 2015",$2M,Movie,Sequel to the 2002 movie Super Troopers. Funding still in progress.,Indiegogo,Super Troopers 2,69,[113]
6,"$4,407,598[114]","Feb 24, 2017",$1.1M,Video Game,Sequel to Pillars of Eternity.,Fig,Pillars of Eternity II: Deadfire,70,
7,$4.2M,"Ongoing (planned to end Jun 9, 2017)",$3.5M,Blockchain,Funds earned from the ZrCoin crowdsale will be used to a fund zirconium dioxide plant in Russia,"WAVES, Independent",ZrCoin,71,[115]
8,"$4,046,579","Oct 1, 2013",$900K,Video game,"Sci-fi action/platform video game. Including private backers, the project raised over $4M.",Kickstarter,Mighty No. 9,72,[116]
9,"$3,986,929","Oct 16, 2012",$1.1M,Video game,"Fantasy role-playing video game. Succeeded Double Fine Adventure as the highest funded Kickstarter video game.  Was succeeded by Torment: Tides of Numenera in April 2013.  Including private backers, the project raised over $4.5M.","Kickstarter, Independent",Pillars of Eternity,73,[117][118][119]
10,"$3,829,024[120]","Jan 12, 2016",$3.3M,Video Game,Sequel to Psychonauts (2005),Fig,Psychonauts 2,74,[121]
11,"$3,576,22","August 16, 2015",$75k,Computing hardware,"World's most advanced, small size Drone featuring a Camera, live streaming video and micro gimbal. Extreme Fliers is founded by Vernon Kerswell, a London-based robotics startup.",Indiegogo,Micro Drone 3.0,75,[122]
12,"$3,429,235","Aug 25, 2012",$30K,Board game,"Miniature figures by Reaper Miniatures with various miniature lines: Dark Heaven Legends, Pathfinder, Warlord, Legendary Encounters, Chronoscope, Savage Worlds, Bones, Legon of Justice, Master Series, Collect, Combat Assault Vehicle, Robot Supply Depot, The Boneyard",Kickstarter,Reaper Miniatures Bones,76,[123]
13,"$3,401,361","May 7, 2014",$50K,3D printing,"Consumer 3D printer supporting PLA or ABS, as well as proprietary Micro filament spools or standard 1.75 mm filament spools.",Kickstarter,The Micro,77,[124]
14,"$3,390,551","Mar 31, 2014",$260K,Computing hardware,,Kickstarter,The Dash,78,[125]
15,"$3,336,371","Mar 13, 2012",$400K,Video game,"Point-and-click adventure game by Tim Schafer, designer of Full Throttle and Grim Fandango.  Accompanied by a 2 Player Productions documentary.  87,142 backers, the most backers until surpassed by the Veronica Mars Movie Project in April 2013.  Highest funded Kickstarter project until surpassed by the Pebble smartwatch in April 2012.  Highest funded Kickstarter video game until surpassed by Project Eternity in October 2012.  Credited with bringing in 60,000 first time backers on the Kickstarter platform, increasing the viability of crowdfunding in video games.",Kickstarter,Double Fine Adventure(Subsequently renamed to Broken Age),79,[126][127][128][129]
16,"$3,327,757","Feb 11, 2015",$80K,Board game,"Miniatures board game based on the works of Robert E. Howard, in which players take on the roles of Conan the Barbarian and his heroic companions.",Kickstarter,Conan,80,[130]
17,"$3,169,610","Oct 26, 2013",$30K,Board game,"Continue expanding the Reaper's Bones line by Reaper Miniatures that was previously funded on Aug 25, 2012.",Kickstarter,Reaper Miniatures Bones II,81,[131]
18,"$3,142,808","Nov 11, 2012",$3.1M,Video game,"Racing simulation video game by Slightly Mad Studios due to be released in November 2014. Note that Slightly Mad Studios themselves also contributed $2,072,400 to the overall funding for the game, amount raised is the total of public funding only.",World of Mass Development,Project CARS,82,[132]
19,"$3,121,716","Nov 3, 2016",$2.75M,Video Game,Next iteration in the Wasteland franchise.,Fig,Wasteland 3,83,[133]
20,"$3,105,473","May 24, 2013",$2M,Movie,Comedy drama film directed by Zach Braff and co-written with Adam J. Braff. Opening in Theaters 18 July 2014.,Kickstarter,Wish I Was Here,84,[134] [135]
21,"$2,996,286.08",early 2016,$250K,Video game,"A turn-based strategy video game by Harebrained Schemes set in the Battletech universe. Total includes $2,785,537.13 raised on Kickstarter (with an additional $79,850 raised through Paypal during the campaign) and $130,898.95 raised in BackerKit as of December 19, 2015. The Kickstarter campaign ended on November 3, 2015.","Kickstarter, BackerKit",Battletech,85,[136]
22,"$2,945,885","Oct 26, 2012",$100K,3D printing,Stereolithography (SLA) 3D printer created by Formlabs. High-resolution printing with plastic resin that creates layers as thin as 25 microns. Shipping began in May 2013.,Kickstarter,FORM 1,86,[137]
23,"$2,933,252","Apr 17, 2012",$900K,Video game,"Role-playing video game. Sequel to 1988's Wasteland, by members of the original team.",Kickstarter,Wasteland 2,87,[138]
24,"$2,930,781","Nov 22, 2014",$250K,Computing hardware,The latest fusion of fashion and functionality with external cat ear speakers and LED lights.,Indiegogo,Axent Wear Cat Ear Headphones,88,[139]
25,"$2,835,482",2016-08-01,,Other,Real estate,Tessin,Växande hyresbestånd i centrala lägen,89,
26,"$2,778,019","Aug 27, 2015",$150K,Computing hardware,Opal is an icemaker designed for the enthusiasts: people who drop by their favorite restaurant on the weekend to pick up a bag of that special soft ice,Indiegogo,Opal Nugget Ice Maker,90,[140]
27,€2.499.500 (legal limit),"October 27, 2015",€1M,Food,On October 4 a campaign was started to raise money for the Vegetarian Butcher plant-based plant in Breda. Bonds were issued at a value of €500 each. €2.5 M bonds were sold in three weeks.,NPEX,The Vegetarian Butcher Plant-Based Plant,91,[141]
28,"$2,762,571","Jun 15, 2014",$200K,Computing hardware,"A tiny spectrometer (molecular sensor) that allows one to receive instant relevant information about the chemical make-up of food, medicine, and plants, sent directly to one's smartphone.",Kickstarter,SCiO: Your Sixth Sense,92,[142]
29,"$2,600,000",Feb 2012,$1M,Other,"Parcel Genie raised enough funds to create a new gift delivery service, allowing customers to send gifts to family and friends without having to enter their address. The recipient receives a notification and arranges for the gift to be delivered to whatever address they enter.",Angels Den,Parcel Genie,93,[143]
30,"$2,532,211","Aug 29, 2014",$1M,Food,"Stone Brewing Co. will open a brewery in Berlin, Germany and partially fund expansion by pre-selling beer from the Berlin brewery. The beer will be collaborations with other established breweries, released between late 2015 and 2017, and only available from the pre-sale.",Indiegogo,Stone Groundbreaking Collaborations,94,[144]
31,"$2,506,418","Dec 9, 2014",$380K,Computing hardware,"Tablet powered with the MeeGo-based Linux Sailfish OS. It hit the goal for 380k in 2h15min. It reached the $1 million milestone by selling 4,467 tablets in less than 37 hours.",Indiegogo,Jolla Tablet,95,[145]
32,"$2,485,506","Oct 4, 2012",$700K,Video game,Adventure game based on the Homestuck webcomic. Succeeded The Order of the Stick as the highest funded comic-related Kickstarter project.,Kickstarter,Homestuck Adventure Game,96,[146][147]
33,"$2,480,334","Jul 6, 2014",$650K,Movie,"Rooster Teeth, the company behind Red vs. Blue, Achievement Hunter, and RWBY, in their first feature-length movie tell the story of an extraterrestrial intelligence project that received a one-time signal from outer space. This is a live action sci-fi comedy that takes place decades later in the aftermath of that event. Lazer Team is the highest successfully funded film project on Indiegogo.",Indiegogo,Lazer Team,97,[148]
34,"$2,437,429","Sep 1, 2012",$250K,Video game,"Virtual reality head-mounted display designed for gaming.  The campaign video featured support from Michael Abrash, Mark Bolas, John Carmack, Cliff Bleszinski, David Helgason, Jack McCauley, Gabe Newell, Chris Roberts and Tim Sweeney.  Development units began shipping in March 2013. Sold to Facebook for $2 billion in March 2014.",Kickstarter,Oculus Rift,98,[149][150]
35,"$2,413,756",Ongoing,$300K,Video game,"Open-world sandbox medieval RPG video game from Warhorse Studios lead designer Dan Vavra, writer and director of Mafia: The City of Lost Heaven. Set in the 15th century medieval Kingdom of Bohemia with a focus on historically accurate and realistic content. The game will be a single-player experience with branching quest lines and a highly interactive world encouraging emergent gameplay.","Kickstarter, independent",Kingdom Come: Deliverance,99,
36,"$2,344,134","Mar 25, 2013",$30K,3D printing,3D printing pen developed by Peter Dilworth and Maxwell Bogue of WobbleWorks LLC.,Kickstarter,3Doodler,100,[151]
37,"$2,278,255","Jun 7, 2013",$300K,Video game,MMO fantasy trading card game.,Kickstarter,Hex: Shards of Fate,101,[152][153]
38,"$2,269,158","Dec 3, 2015",$100K,Camera Gear,Ultra-Portable camera drone. Snap-together in 1 Minute. Capture Stunning Aerial Film & Photos with Ease!,Indiegogo,PlexiDrone Camera Drone,102,[154]
39,"$2,241,043","May 12, 2014",$2.1M,Movie,Film about abortion doctor Kermit Gosnell who was convicted of 3 counts of first degree murder and one count of involuntary manslaughter and is currently serving a sentence of life in prison without the possibility of parole.,Indiegogo,Gosnell: The Trial of America's Biggest Serial Killer,103,[155]
40,"$2,232,933","May 2, 2013",$2M,Video game,Realm versus realm MMORPG.  The success of the Kickstarter allowed City State Entertainment to secure an additional $3M of private funding.,Kickstarter,Camelot Unchained',104,[156][157]
41,"$2,229,344","Sep 14, 2012",$900K,Video game,Real-time strategy video game by members of the Total Annihilation team.,Kickstarter,Planetary Annihilation,105,[158]
42,"$2,200,961","Jun 20, 2014",$1M,Computing hardware,"Solar panels that you can drive, park, and walk on. They melt snow and... cut greenhouse gases by 75-percent?!!!",Indiegogo,Solar Roadways,106,[159]
43,"$2,121,650","Dec 1, 2014",$50K,Computing hardware,"Bluesmart Inc. created the world's first smart, connected carry-on luggage featuring location tracking, remote lock and battery charger.",Indiegogo,Bluesmart Inc.,107,[160]
44,"$2,100,000","Apr 20, 2013",$100K,Food,The success of the campaign allowed the team to secure an additional $1.5M of private funding.[161],Tilt.com,Soylent (drink),108,[162]
45,"$2,071,927","Jun 6, 2015",$50K,Computing hardware,"A computer with a 1 GHz processor, 512MB RAM, and 4GB onboard storage. It was successfully funded in its first 6 hours. It is the size of a payment card.",Kickstarter,CHIP - The World's First 9 Dollar Computer,109,[163]
46,"$2,049,721","Jan 8, 2013",$35K,Board game,"Cooperative board game set in a nightmare-horror world. Fight for your life, scavenge, craft, and band together to survive.",Kickstarter,Kingdom Death: Monster,110,[164]
47,"$1,972,706","Sep 1, 2015",$1M,Other,"Scientific research project to find a cure for CLN6-specific rare genetic disease, also called Batten disease, which has no cure.",Experiment.com,Curing Batten Disease,111,[165][166]
48,"$1,961,464","Aug 26, 2013",$1M,Computing hardware,Canary is a device packed with smart sensors that empowers users to keep their homes safe and secure — controlled through mobile devices.,Indiegogo,Canary home security,112,[167]
49,"€1,930,577","Jul 6, 2015","€1,600,000,000",Other,Campaign to fund the bailout charge for the Greek financial crisis.,Indiegogo,Greek Bailout Fund,113,[168]
50,"$1,911,827","May 15, 2014",$1.5M,Movie,Feature length comedy based on the spike TV series,Kickstarter,Blue Mountain State: The Movie,114,[169]
51,"$1,836,447","Apr 29, 2012",$400K,Video game,"Single-player tactical role-playing game in the Shadowrun universe, not to be confused with Shadowrun Online.",Kickstarter,Shadowrun Returns,115,[170]
52,"£1,578,316[172]","Jan 4, 2013",£1.25M[171],Video game,"Space trading and combat simulator from Frontier Developments, fourth game in the Elite series.","Kickstarter, Independent",Elite: Dangerous,116,
53,"$1,810,295","Nov 6, 2015",$33K,Board game,Scythe is a board game for 1-5 competitors by Jamey Stegmaier,Kickstarter,Scythe,117,[173]
54,"$1,767,042","June 19, 2015",$50K,Computing hardware,"Provides home security, entertainment enhancement, and ambiance control. The first smart home to incorporate NFC-based technology to simplify the device pairing process.",Indiegogo,Oomi,118,[174]
55,"$1,766,204","March 26, 2015",$800k,Video Game,"Throne War PC MMO from ArtCraft Entertainment, Inc.",Kickstarter,Crowfall,119,[175]
56,"$1,739,149","August 8, 2014",$30K,Computing hardware,Tracking device for effortless organization.,Indiegogo,TrackR bravo,120,[176]
57,"$1,730,395","Jun 3, 2017",$750k,Game,Upcoming MMORPG Ashes of Creation hit its goal of 750 thousand dollars in less than 12h,Intrepid Studios,Ashes of Creation,121,[177][178][179]
58,"$1,703,914","Jun 3, 2017",$30k,Watch,The Most REBELLIOUS Swiss Automatic Watch Ever - LIV Watches Raised 470K in just 48 hours.,LIV Swiss Watches,Rebel,122,[180][181]
59,"$1,664,375","Jul 20, 2013",$100K,Computing hardware,"The first Medical Tricorder. A scanner packed with sensors designed to read your vital signs and send them wirelessly to your smartphone in a few seconds, any time, anywhere.",Indiegogo,Scanadu Scout,123,[182]
60,"€1,618,945",,$100K,Computing hardware,,Companisto,Panono,124,[183]
61,"$1,578,950","Aug 10, 2013",$550K,Video game,Fantasy turn-based tactics video game set in the Warmachine universe.,Kickstarter,Warmachine: Tactics,125,[184][185]
62,"$1,538,425","Mar 10, 2013",$850K,Video game,"Adventure game, third game in The Longest Journey series.",Kickstarter,Dreamfall Chapters: The Longest Journey,126,[186]
63,"$1,524,510",Ongoing,"$1,000,000",Other,A charitable fundraiser partnering with Turkish Airlines to send aid to disadvantaged Somalian citizens.,GoFundMe,LOVE ARMY FOR SOMALIA,127,[187]
64,"$1,522,160","Dec 19, 2013",$100K,Computing hardware,Mass manufacture a DIY computer kit,Kickstarter,Kano,128,[188][189][190]
65,"$1,505,366","Jun 30, 2013",$1M,Computing hardware,Launching and maintaining a publicly accessible Space Telescope. Partly funded by agreeing to take picture of funders' personal image from space with any background except for the sun. Launch is scheduled in 2015,Kickstarter,ARKYD: A Space Telescope for Everyone,129,[191]
66,"$1,504,616","Aug 12, 2013",$100K,Smartwatch,Smartwatch with voice and gesture control,Indiegogo,Kreyos,130,[192]
67,"€1,500,000",,$500K,Computing hardware,12 kg light E-Bike,Companisto,Freygeist,131,[193]
68,"$1,489,071","Nov 30, 2014",$48K,Computing hardware,A compact portable wireless speaker with claimed ‘better than stereo’ sound.,Indiegogo,Mass Fidelity,132,[194]
69,"$1,464,706","Feb 11, 2012",$75K,Computing hardware,Elevation Dock: The Best Dock For iPhone,Kickstarter,Elevation Dock,133,[195]
70,"€1,246,153","Nov 12, 2017",€90K,Video game,"Fantasy role-playing video game based on the French web series Noob, created by Fabien Fournier.",Ulule,"Noob, le jeu vidéo !",134,[196]
71,"$1,445,889","Aug 2, 2013",$1M,Movie,"American comedy-drama film co-written, produced, starring and directed by Adam Carolla and co-written with Kevin Hench. It is a comedy about the lives of aging road comics. Adam has since confirmed through a press conference that the film will co-star David Alan Grier, Illeana Douglas, Diane Farr, and Larry Miller.",FundAnything,Road Hard,135,[197]
72,"$1,440,435","Jul 27, 2014",$37K,Other,"A typography and publishing project by Adam Lewis Greene, consisting of ""the Biblical Literature designed & crafted for reading, separated into four elegant volumes, and free of all numbers, notes, etc.,"" i.e., the Bible published in four volumes, using a modified American Standard Version and published without chapter or verse numbers.",Kickstarter,BIBLIOTHECA,136,[198][199]
73,"$1,438,765","Jun 29, 2013",$100K,3D printing,Consumer 3D Printer created by Pirate3D,Kickstarter,The Buccaneer,137,[200]
74,"$1,418,910","Aug 21, 2013",$1.25M,Movie,Independent romantic horror comedy directed by Spike Lee,Kickstarter,The Newest Hottest Spike Lee Joint,138,.[201]
75,"$1,414,154","May 10, 2014",$500K,Movie,Season 3 of Tabletop starring Wil Wheaton,Indiegogo,Tabletop Season 3 - With Wil Wheaton!,139,[202]
76,"$1,396,149","Aug 24, 2013",$100K,Other,Lomography recreation of the Petzval camera lens for modern cameras. Shipped to backers in the first half of 2014.,Kickstarter,Petzval Portrait Lens,140,[203]
77,"$1,370,461","Sep 29, 2012",$850K,Other,"Buy Nikola Tesla's old laboratory, known as the Wardenclyffe Tower, for turning it into a museum. Property purchased on May 2, 2013.",Indiegogo,Tesla Museum,141,[204]
78,"$1,353,024","Jun 10, 2016",$10K,Board game,Card game version of the popular show produced by Rooster Teeth.,Kickstarter,"Million Dollars, But... The Game",142,[205]
79,"$1,350,700","Nov 30, 2015",$900K,Video game,A complete remake of the genre defining classic computer game from 1994,Kickstarter,System Shock,143,[206]
80,"$1,343,742","Apr 5, 2017",$500k,Wireless hardware,"Software defined radio board for 2G, 3G 4G, 5G cellular / various IoT / WiFi / generic wireless systems between 100 kHz and 3.8 GHz. Backed by EE and Ubuntu. Crowd Supply's first $1m crowd fund.",Crowd Supply,LimeSDR,144,[207]
81,"$1,330,293","Nov 30, 2015",$100K,Other,Heated jacket,Kickstarter,Ravean,145,[208][209]
82,"$1,321,306","Nov 16, 2013",$1.1M,Video game,Adventure game from the creators of Myst and Riven,Kickstarter,Obduction,146,[210]
83,"$1,314,542","Nov 14, 2012",$100K,Computing hardware,"WiFi enabled, multi-color, energy efficient LED light bulb controlled with an iPhone or Android.",Kickstarter,LIFX,147,[211]
84,"$1,260,148","Jan 21, 2014",$160K,Computing hardware,"Wireless HDMI screen-sharing on a TV, Projector or Monitor, compatible with almost all operating systems and computers.",Indiegogo,Airtame,148,[212][213]
85,"$1,255,444","Nov 3, 2015",$250K,Video game,"English localization of Muv-Luv visual novel trilogy, consisting of Muv-Luv (which comes in two parts: ""Muv-Luv Extra"" and ""Muv-Luv Unlimited"")  and its sequel Muv-Luv Alternative.",Kickstarter,Muv-Luv,149,[214]
86,"$1,254,120","Feb 21, 2012",$57.75K,Other,"Reprint Rich Burlew's out-of-print ""The Order of the Stick"" comic books to reach new readers",Kickstarter,The Order of the Stick,150,[215]
87,"$1,229,074","Sep 8, 2013",$69K,Computing hardware,An OpenWRT Linux-based hardware adapter for unifying USB-connected storage as Network-attached storage.,Kickstarter,Lima,151,[216][217]
88,"$1,229,015","Jun 27, 2013",$725K,Video game,"Fantasy turn-based tactics video game.  Double Fine Productions' second Kickstarter campaign, after Double Fine Adventure in March 2012.",Kickstarter,Massive Chalice,152,[218][219]
89,"£731,690","May 29, 2014",£30K,3D printing,"LIX is The Smallest 3D Printing Pen in the World, it enables you to doodle in the air. This professional tool offers you the comfort and pushes your creativity to another level.",Kickstarter,LIX,153,[220][221]
90,"$1,209,423","Sep 22, 2012",$250K,Computing hardware,,Kickstarter,SmartThings,154,[222][223]
91,"$1,204,726","Feb 17, 2015",$100K,Video game,Harebrained Schemes' next Single-player tactical role-playing game in the Shadowrun universe.  Developed with an improved version of the Shadowrun Returns engine.,Kickstarter,Shadowrun: Hong Kong,155,[224]
92,"$1,192,793","May 31, 2012",$100K,Other,"Allows Amanda Palmer to create a new record, art book, and tour.",Kickstarter,Theatre Is Evil,156,[225]
93,"$1,190,672","Mar 26, 2015",$100K,Computing hardware,"""Smart"" bed cover that allows for bed cooling/heating and IFTTT integrations to other integrated Internet of Things products.",Indiegogo,Luna Sleep,157,[226]
94,"$1,140,975","Dec 31, 2012",$110K,Computing hardware,"Palm-sized UAV that flies like a bird and hovers like an insect; Designed for aerial photography, advanced gaming, R&D and security.",Indiegogo,Robot Dragonfly,158,[227]
95,"$1,123,585","Jun 26, 2015",$325K,Movie,Military movie.,Indiegogo,Range 15,159,[228]
96,"$1,119,029",Feb 19 2016,"$40,000",Watches,At the time this campaign ended the LIV GX1-A was the most funded Swiss timepiece in crowdfunding HISTORY.,Kickstarter,LIV Swiss Watches,160,
97,"$1,116,258",Ongoing,$100K,Computing hardware,"More than just a router. The open-source center of your home. Turris Omnia is a powerful and extensible open source router. It features an open Linux-based operating system with automatic updates and extra security measures. Besides being a router, Turris Omnia is powerful enough to serve as small home server.",Indiegogo,Turris Omnia,161,[229]
98,"$1,110,820","Dec 11th, 2015",$50K,Camera Accessory,Remote camera trigger which allows DSLR cameras to be controlled via a smartphone. Campaign funded between November and December 2015.,Kickstarter,Pulse,162,[230]
99,"$1,109,351","Jul 22, 2013",$150K,Video game,Omnidirectional treadmill-like device for use with virtual reality head-mounted displays such as the Oculus Rift.,Kickstarter,Omni,163,[231][232]
100,"$1,095,143.40",13 May 2016,$700K / Pre-order on BackerKit,Video game,A survival horror multiplayer video game in which 8 people play: 1 plays Jason Voorhees while the rest play counselors at Camp Crystal Lake trying to survive,Kickstarter BackerKit,Friday the 13th: The Game,164,[233][234]
101,"$1,092,098","May 10, 2013",$31.5K,3D printing,"A sturdy, customizable 3D printer that is easy to use and affordable for all.",Kickstarter,RigidBot,165,[235]
102,"$1,091,194","Jan 14, 2013",$1M,Video game,"Sandbox style MMORPG in the Pathfinder Roleplaying Game universe.  Second successful Kickstarter campaign for the game, contributing towards the full version.",Kickstarter,Pathfinder Online,166,[236][237]
103,"€940,650",,€250K,Food,Molecular ice cream,Companisto,Kyl21,167,[238]
104,"$1,053,830","Apr 21, 2013",$50K,Other,A unisex sweatshirt guaranteed for a decade,Kickstarter,THE 10-YEAR HOODIE,168,[239]
105,"$1,047,827","Jan 31, 2013",$1.25M,Other,"As part of the effort to help rebuild Seaside Heights, New Jersey - the heart of the Jersey Shore, which was devastated by Hurricane Sandy",Indiegogo,Restore the Shore,169,[240]
106,"$1,026,292","Feb 22, 2013",$200K,Computing hardware,A 0.80mm thin flexible wristwatch with an E Ink display housed in a single piece of stainless steel.,Kickstarter,CST-01,170,[241]
107,"$1,290,439","Nov 1, 2013",$100K,Computing hardware,"Created by Occipital, a Structured light 3D scanner for iPad and other mobile devices that captures objects, people and rooms in 3D for augmented reality games, 3D scanning and indoor mapping.",Kickstarter,Structure Sensor,171,[242]
108,"$1,035,095[243]","Jun 10, 2017",$1M,Open source social networking service,Broke the regulation crowdfunding record for fastest to raise $1 million[244],Equity Crowdfunding,Minds.com,172,
